source_title,source_journal,citing_title,citing_pmid,pmcid,ref_ids,citation_sentence,vader_score,textblob_score,custom_score,pos_ratio,neg_ratio
Re-emergent tremor of Parkinson's disease.,"Journal of neurology, neurosurgery, and psychiatry",The evolution of tremor in Parkinson's Disease: insights from a 4-year longitudinal assessment.,40696042,1736624,,"While tremor is considered a cardinal motor sign in patients with Parkinson's disease (PD), little is known about the evolution of the different types of PD tremor over time.",0.5,0.453125,0.5,0.0,0.0
Re-emergent tremor of Parkinson's disease.,"Journal of neurology, neurosurgery, and psychiatry",The evolution of tremor in Parkinson's Disease: insights from a 4-year longitudinal assessment.,40696042,1736624,,Our objectives were to assess the rate of progression of the various types of PD tremor over the disease course and to verify if the presence of different tremors is consistently associated with specific motor and non-motor burdens over time.,0.3194,0.53125,0.5,0.0,0.0
Re-emergent tremor of Parkinson's disease.,"Journal of neurology, neurosurgery, and psychiatry",The evolution of tremor in Parkinson's Disease: insights from a 4-year longitudinal assessment.,40696042,1736624,,"Finally, we investigated whether the presence of different tremors can predict specific trajectories of disease progression.",0.5,0.5,0.5,0.0,0.0
Re-emergent tremor of Parkinson's disease.,"Journal of neurology, neurosurgery, and psychiatry",The evolution of tremor in Parkinson's Disease: insights from a 4-year longitudinal assessment.,40696042,1736624,,One hundred PD patients were enrolled and 73 completed a 4-year follow up.,0.5,0.5,0.5,0.0,0.0
Re-emergent tremor of Parkinson's disease.,"Journal of neurology, neurosurgery, and psychiatry",The evolution of tremor in Parkinson's Disease: insights from a 4-year longitudinal assessment.,40696042,1736624,,Clinical evaluations included the administration of standardized PD scales to assess the severity of motor and non-motor manifestations.,0.5,0.5,0.5,0.0,0.0
Re-emergent tremor of Parkinson's disease.,"Journal of neurology, neurosurgery, and psychiatry",The evolution of tremor in Parkinson's Disease: insights from a 4-year longitudinal assessment.,40696042,1736624,,"The occurrence and severity of rest, re-emergent, and action tremors were accurately evaluated at baseline and 4 years later.",0.5,0.5833333333333334,0.5,0.0,0.0
Re-emergent tremor of Parkinson's disease.,"Journal of neurology, neurosurgery, and psychiatry",The evolution of tremor in Parkinson's Disease: insights from a 4-year longitudinal assessment.,40696042,1736624,,Adjusted linear regression models were used to assess tremor type's influence on disease progression.,0.5,0.5,0.5,0.0,0.0
Re-emergent tremor of Parkinson's disease.,"Journal of neurology, neurosurgery, and psychiatry",The evolution of tremor in Parkinson's Disease: insights from a 4-year longitudinal assessment.,40696042,1736624,,"Tremor occurrence and severity decreased during PD progression, with a more significant reduction in action tremor compared to rest and re-emergent tremor.",0.6358,0.571875,0.5,0.0,0.0
Re-emergent tremor of Parkinson's disease.,"Journal of neurology, neurosurgery, and psychiatry",The evolution of tremor in Parkinson's Disease: insights from a 4-year longitudinal assessment.,40696042,1736624,,Patients with rest and re-emergent tremor had milder motor symptoms at baseline and milder motor and non-motor manifestations at follow-up.,0.5,0.5,0.5,0.0,0.0
Re-emergent tremor of Parkinson's disease.,"Journal of neurology, neurosurgery, and psychiatry",The evolution of tremor in Parkinson's Disease: insights from a 4-year longitudinal assessment.,40696042,1736624,,The presence of rest and re-emergent tremor predicted a lower progression of non-motor symptoms.,0.352,0.5,0.5,0.0,0.0
Re-emergent tremor of Parkinson's disease.,"Journal of neurology, neurosurgery, and psychiatry",The evolution of tremor in Parkinson's Disease: insights from a 4-year longitudinal assessment.,40696042,1736624,,"This longitudinal study revealed that the various types of PD tremor have different evolutions over disease course, can predict distinct trajectories of disease progression and are underpinned by distinct pathophysiological mechanisms.",0.5,0.575,0.5,0.0,0.0
Re-emergent tremor of Parkinson's disease.,"Journal of neurology, neurosurgery, and psychiatry",Passive Monitoring of Parkinson Tremor in Daily Life: A Prototypical Network Approach.,39860736,PMC11768787,B11-sensors-25-00366,"In PD, rest tremor is the most prevalent subtype, although some patients may also experience re-emergent tremor, i.e., a postural tremor with the same frequency as rest tremor, pure postural tremor, or action tremor [ [CIT] ,12].",0.5,0.6017857142857143,0.5,0.0,0.0
Re-emergent tremor of Parkinson's disease.,"Journal of neurology, neurosurgery, and psychiatry",Passive Monitoring of Parkinson Tremor in Daily Life: A Prototypical Network Approach.,39860736,PMC11768787,B11-sensors-25-00366,"We envision that the current selection could be further extended to also incorporate examples of different tremor sub-types, i.e., rest, re-emergent rest, action, or pure postural tremor [ [CIT] ,12].",0.5,0.5314285714285715,0.5,0.0,0.0
Re-emergent tremor of Parkinson's disease.,"Journal of neurology, neurosurgery, and psychiatry",Simple biomarkers to distinguish Parkinson's disease from its mimics in clinical practice: a comprehensive review and future directions.,39364423,PMC11446779,ref78,"The movement initiation typically suppresses rest tremor, but it can re-emerge when a posture is sustained (re-emergent tremor) (57, [CIT] , 79).",0.5,0.4166666666666667,0.5,0.0,0.0
Re-emergent tremor of Parkinson's disease.,"Journal of neurology, neurosurgery, and psychiatry",Serotonin syndrome caused by escitalopram in Parkinson's disease psychosis: a case report.,39294572,PMC11409801,CR13,"With a new posture, re-emergent tremor reappears after a few seconds, while other tremors appears immediately [ [CIT] ]",0.5,0.46856060606060607,0.5,0.0,0.0
Re-emergent tremor of Parkinson's disease.,"Journal of neurology, neurosurgery, and psychiatry",The digital signature of emergent tremor in Parkinson's disease.,39112485,PMC11306561,CR2,Rest tremor is usually suppressed with the onset of action but can emerge during sustained movement (such as walking) and when a posture of the hand or limb is sustained [CIT] –7.,0.8243,0.475,0.5,0.0,0.0
Re-emergent tremor of Parkinson's disease.,"Journal of neurology, neurosurgery, and psychiatry",The digital signature of emergent tremor in Parkinson's disease.,39112485,PMC11306561,CR2,"However, it is well known that emergent (rest) tremor may occur after the limbs have been held in a position of posture and/or when walking [CIT] –7.",0.6366,0.5,0.5,0.0,0.0
Re-emergent tremor of Parkinson's disease.,"Journal of neurology, neurosurgery, and psychiatry",Bedside clinical assessment of patients with common upper limb tremor and algorithmic approach.,38708334,PMC11063083,j_abm-2024-0008_ref_026,"Suppression of rest tremor at the onset of voluntary movement and the re-emergence of tremor should be looked for during changing positions from rest to postural holding since these signs are suggestive of PD tremor [ [CIT] , 27].",0.5,0.5,0.5,0.0,0.0
Re-emergent tremor of Parkinson's disease.,"Journal of neurology, neurosurgery, and psychiatry",Bedside clinical assessment of patients with common upper limb tremor and algorithmic approach.,38708334,PMC11063083,j_abm-2024-0008_ref_026,"Postural tremor in PD can be categorized into: (1) re-emergent tremor characterized as a rest tremor that re-emerges after a variable delay while maintaining posture with a frequency similar to the rest tremor [ [CIT] , 65] and (2) pure postural tremor referring to a postural tremor that presents immediately with postural holding and a tremor frequency higher compared to the rest tremor when it is present [66].",0.3409,0.4714285714285714,0.5,0.0,0.0
Re-emergent tremor of Parkinson's disease.,"Journal of neurology, neurosurgery, and psychiatry",Toward interpretable digital biomarkers of walking and reaching in Parkinson's disease.,38486899,PMC10936352,r14,"This tremor of the body motion is known to exist in the 4–6 Hz range (Deuschl et al., 1998; Jankovic et al., [CIT] ; Lee et al., 2016).",0.5,0.5,0.5,0.0,0.0
Re-emergent tremor of Parkinson's disease.,"Journal of neurology, neurosurgery, and psychiatry",Upper limb intention tremor assessment: opportunities and challenges in wearable technology.,38218890,PMC10787996,CR110,"Tremors are involuntary rhythmic movements commonly present in neurological diseases such as Parkinson's disease, essential tremor, and multiple sclerosis.",0.5,0.5,0.5,0.0,0.0
Re-emergent tremor of Parkinson's disease.,"Journal of neurology, neurosurgery, and psychiatry",Upper limb intention tremor assessment: opportunities and challenges in wearable technology.,38218890,PMC10787996,CR110,"Intention tremor is a subtype associated with lesions in the cerebellum and its connected pathways, and it is a common symptom in diseases associated with cerebellar pathology.",0.5,0.35,0.5,0.0,0.0
Re-emergent tremor of Parkinson's disease.,"Journal of neurology, neurosurgery, and psychiatry",Upper limb intention tremor assessment: opportunities and challenges in wearable technology.,38218890,PMC10787996,CR110,"While clinicians traditionally use tests to identify tremor type and severity, recent advancements in wearable technology have provided quantifiable ways to measure movement and tremor using motion capture systems, app-based tasks and tools, and physiology-based measurements.",0.5,0.5,0.5,0.0,0.0
Re-emergent tremor of Parkinson's disease.,"Journal of neurology, neurosurgery, and psychiatry",Upper limb intention tremor assessment: opportunities and challenges in wearable technology.,38218890,PMC10787996,CR110,"However, quantifying intention tremor remains challenging due to its changing nature.",0.57655,0.59375,0.5,0.0,0.0
Re-emergent tremor of Parkinson's disease.,"Journal of neurology, neurosurgery, and psychiatry",Upper limb intention tremor assessment: opportunities and challenges in wearable technology.,38218890,PMC10787996,CR110,"This review examines the current state of upper limb tremor assessment technology and discusses potential directions to further develop new and existing algorithms and sensors to better quantify tremor, specifically intention tremor.",0.7202,0.553030303030303,0.5,0.0,0.0
Re-emergent tremor of Parkinson's disease.,"Journal of neurology, neurosurgery, and psychiatry",Upper limb intention tremor assessment: opportunities and challenges in wearable technology.,38218890,PMC10787996,CR110,A comprehensive search using PubMed and Scopus was performed using keywords related to technologies for tremor assessment.,0.625,0.5,0.5,0.0,0.0
Re-emergent tremor of Parkinson's disease.,"Journal of neurology, neurosurgery, and psychiatry",Upper limb intention tremor assessment: opportunities and challenges in wearable technology.,38218890,PMC10787996,CR110,"Afterward, screened results were filtered for relevance and eligibility and further classified into technology type.",0.5,0.5,0.5,0.0,0.0
Re-emergent tremor of Parkinson's disease.,"Journal of neurology, neurosurgery, and psychiatry",Upper limb intention tremor assessment: opportunities and challenges in wearable technology.,38218890,PMC10787996,CR110,"A total of 243 publications were selected for this review and classified according to their type: body function level: movement-based, activity level: task and tool-based, and physiology-based.",0.5,0.5,0.5,0.0,0.0
Re-emergent tremor of Parkinson's disease.,"Journal of neurology, neurosurgery, and psychiatry",Upper limb intention tremor assessment: opportunities and challenges in wearable technology.,38218890,PMC10787996,CR110,"Furthermore, each publication's methods, purpose, and technology are summarized in the appendix table.",0.5,0.5,0.5,0.0,0.0
Re-emergent tremor of Parkinson's disease.,"Journal of neurology, neurosurgery, and psychiatry",Upper limb intention tremor assessment: opportunities and challenges in wearable technology.,38218890,PMC10787996,CR110,"Our survey suggests a need for more targeted tasks to evaluate intention tremors, including digitized tasks related to intentional movements, neurological and physiological measurements targeting the cerebellum and its pathways, and signal processing techniques that differentiate voluntary from involuntary movement in motion capture systems.",0.5,0.625,0.5,0.0,0.0
Re-emergent tremor of Parkinson's disease.,"Journal of neurology, neurosurgery, and psychiatry",The Clinical Profile of Tremor in Parkinson's Disease.,37868914,PMC10585977,mdc313845-bib-0037,"[CIT] , 38",0.5,0.5,0.5,0.0,0.0
Re-emergent tremor of Parkinson's disease.,"Journal of neurology, neurosurgery, and psychiatry",Reconstructing Re-emergent Tremor.,37772284,PMC10525057,mdc313806-bib-0001,"In 1999, re‐emergent tremor was described as a typical phenomenon in Parkinson's disease (PD) by Jankovic and colleagues, [CIT] characterized as “a rest tremor that re‐emerges after a variable delay while maintaining posture.” This definition is also used in the International Parkinson and Movement Disorders Society consensus statement on the classification of tremors.",0.3409,0.4583333333333333,0.5,0.0,0.0
Re-emergent tremor of Parkinson's disease.,"Journal of neurology, neurosurgery, and psychiatry",Reconstructing Re-emergent Tremor.,37772284,PMC10525057,mdc313806-bib-0001,"[CIT] , 3 The first three features, which are described in the Movement Disorder Society (MDS) consensus statement, can be seen with the naked eye.",0.29905000000000004,0.5625,0.5,0.0,0.0
Re-emergent tremor of Parkinson's disease.,"Journal of neurology, neurosurgery, and psychiatry",Reconstructing Re-emergent Tremor.,37772284,PMC10525057,mdc313806-bib-0001,"[CIT] , 3 , 4 Identification of re‐emergent tremor in a patient has important clinical implications, as it can discriminate PD from essential and dystonic tremor.",0.60115,0.6,0.9999995000005,0.045454545454545456,0.0
Re-emergent tremor of Parkinson's disease.,"Journal of neurology, neurosurgery, and psychiatry",Reconstructing Re-emergent Tremor.,37772284,PMC10525057,mdc313806-bib-0001,"[CIT] , 5 , 6 An excellent demonstration of proper assessment for re‐emergent tremor has been provided earlier.",0.81245,0.6666666666666666,0.5,0.0,0.0
Re-emergent tremor of Parkinson's disease.,"Journal of neurology, neurosurgery, and psychiatry",Reconstructing Re-emergent Tremor.,37772284,PMC10525057,mdc313806-bib-0001,"[CIT] , 5 , 6",0.5,0.5,0.5,0.0,0.0
Re-emergent tremor of Parkinson's disease.,"Journal of neurology, neurosurgery, and psychiatry",Reconstructing Re-emergent Tremor.,37772284,PMC10525057,mdc313806-bib-0001,"Altogether, we endorse the original description and assessment of re‐emergent tremor by Jankovic and colleagues, [CIT] which integrates all four essential features (ie, postural, latency, presence of rest tremor, and frequency similar to the rest tremor) (Fig.",0.7787,0.5625,0.5,0.0,0.0
Re-emergent tremor of Parkinson's disease.,"Journal of neurology, neurosurgery, and psychiatry",Distal Upper Limb Tremor during Walking in Parkinson's Disease.,37635779,PMC10450241,mdc313814-bib-0010,"[CIT] , 11 , 12 Although both tremors appear during posture holding, re‐emergent and postural tremor differ for the pathophysiological and clinical features.",0.5,0.5,0.5,0.0,0.0
Re-emergent tremor of Parkinson's disease.,"Journal of neurology, neurosurgery, and psychiatry",Aberrant dentato-rubro-thalamic pathway in action tremor but not rest tremor: A multi-modality magnetic resonance imaging study.,37408389,PMC10651946,cns14339-bib-0018,"17 Because PD patients often have both action tremor and rest tremor, [CIT] , 19 there were only 7 PD‐WT and 6 PD‐RT have no action tremor.",0.352,0.5083333333333333,0.5,0.0,0.0
Re-emergent tremor of Parkinson's disease.,"Journal of neurology, neurosurgery, and psychiatry",Pharmacological Treatment of Tremor in Parkinson's Disease Revisited.,36847017,PMC10041452,ref011,This re-emergent tremor is in the same frequency range as resting tremor and the severity of the tremor in the two situations is usually correlated [ [CIT] ].,0.5,0.4375,0.9999995000005,0.05,0.0
Re-emergent tremor of Parkinson's disease.,"Journal of neurology, neurosurgery, and psychiatry",Pharmacological Treatment of Tremor in Parkinson's Disease Revisited.,36847017,PMC10041452,ref011,"The average latency for a resting tremor to re-emerge with tonic muscle activation is around 9 seconds, with a broad interindividual range from 1 to more than 30 seconds [ [CIT] ].",0.5,0.56875,0.5,0.0,0.0
Re-emergent tremor of Parkinson's disease.,"Journal of neurology, neurosurgery, and psychiatry",Pharmacological Treatment of Tremor in Parkinson's Disease Revisited.,36847017,PMC10041452,ref011,"Isolated asymmetric postural tremor, without resting tremor, can also occur as an early sign of PD and may be a source of diagnostic confusion [ [CIT] ].",0.22885,0.55,0.5,0.0,0.0
Re-emergent tremor of Parkinson's disease.,"Journal of neurology, neurosurgery, and psychiatry",Sensor Verification and Analytical Validation of Algorithms to Measure Gait and Balance and Pronation/Supination in Healthy Volunteers.,36016036,PMC9412295,B29-sensors-22-06275,Numerous studies have sought to demonstrate the utility of digital measures of motor function in Parkinson’s disease.,0.5,0.5,0.5,0.0,0.0
Re-emergent tremor of Parkinson's disease.,"Journal of neurology, neurosurgery, and psychiatry",Sensor Verification and Analytical Validation of Algorithms to Measure Gait and Balance and Pronation/Supination in Healthy Volunteers.,36016036,PMC9412295,B29-sensors-22-06275,"Frameworks, such as V3, document digital measure development: technical verification, analytical and clinical validation.",0.5,0.5,0.5,0.0,0.0
Re-emergent tremor of Parkinson's disease.,"Journal of neurology, neurosurgery, and psychiatry",Sensor Verification and Analytical Validation of Algorithms to Measure Gait and Balance and Pronation/Supination in Healthy Volunteers.,36016036,PMC9412295,B29-sensors-22-06275,We present the results of a study to (1) technically verify accelerometers in an Apple iPhone 8 Plus and ActiGraph GT9X versus an oscillating table and (2) analytically validate software tasks for walking and pronation/supination on the iPhone plus passively detect walking measures with the ActiGraph in healthy volunteers versus human raters.,0.77115,0.5625,0.5,0.0,0.0
Re-emergent tremor of Parkinson's disease.,"Journal of neurology, neurosurgery, and psychiatry",Sensor Verification and Analytical Validation of Algorithms to Measure Gait and Balance and Pronation/Supination in Healthy Volunteers.,36016036,PMC9412295,B29-sensors-22-06275,"In technical verification, 99.4% of iPhone and 91% of ActiGraph tests show good or excellent agreement versus the oscillating table as the gold standard.",0.93445,0.7125,0.5,0.0,0.0
Re-emergent tremor of Parkinson's disease.,"Journal of neurology, neurosurgery, and psychiatry",Sensor Verification and Analytical Validation of Algorithms to Measure Gait and Balance and Pronation/Supination in Healthy Volunteers.,36016036,PMC9412295,B29-sensors-22-06275,"For the iPhone software task and algorithms, intraclass correlation coefficients (ICCs) > 0.75 are achieved versus the human raters for measures when walking distance is >10 s and pronation/supination when the arm is rotated more than two times.",0.5,0.625,0.5,0.0,0.0
Re-emergent tremor of Parkinson's disease.,"Journal of neurology, neurosurgery, and psychiatry",Sensor Verification and Analytical Validation of Algorithms to Measure Gait and Balance and Pronation/Supination in Healthy Volunteers.,36016036,PMC9412295,B29-sensors-22-06275,Passively detected walking start and end time was accurate to approx.,0.41105,0.7000000000000001,0.5,0.0,0.0
Re-emergent tremor of Parkinson's disease.,"Journal of neurology, neurosurgery, and psychiatry",Sensor Verification and Analytical Validation of Algorithms to Measure Gait and Balance and Pronation/Supination in Healthy Volunteers.,36016036,PMC9412295,B29-sensors-22-06275,"1 s and walking measures were accurate to one unit, e.g., one step.",0.5,0.7000000000000001,0.5,0.0,0.0
Re-emergent tremor of Parkinson's disease.,"Journal of neurology, neurosurgery, and psychiatry",Sensor Verification and Analytical Validation of Algorithms to Measure Gait and Balance and Pronation/Supination in Healthy Volunteers.,36016036,PMC9412295,B29-sensors-22-06275,The results suggest that the Apple iPhone and ActiGraph GT9X accelerometers are fit for purpose and that task and passively collected measures are sufficiently analytically valid to assess usability and clinical validity in Parkinson’s patients.,0.60115,0.7,0.5,0.0,0.0
Re-emergent tremor of Parkinson's disease.,"Journal of neurology, neurosurgery, and psychiatry",Differentiation of Parkinson's disease tremor and essential tremor based on a novel hand posture.,35647517,PMC9136132,b0050,"The suppression of rest tremor during movement onset and its reoccurrence after a latency is defined as re-emergent tremor [CIT] , which is a relevant diagnostic feature to separate PT from ET [11].",0.5,0.7,0.5,0.0,0.0
Re-emergent tremor of Parkinson's disease.,"Journal of neurology, neurosurgery, and psychiatry",Clinical Differentiation of Essential Tremor and Parkinson's Disease.,35185349,PMC8848065,bibr4-CCRep.S11903,"3 Re-emergent tremor has been described by Jankovic et al [CIT] as a possible analogue of rest tremor in PD patients, with similar frequency characteristics.",0.5,0.5,0.5,0.0,0.0
Re-emergent tremor of Parkinson's disease.,"Journal of neurology, neurosurgery, and psychiatry",Clinical Differentiation of Essential Tremor and Parkinson's Disease.,35185349,PMC8848065,bibr4-CCRep.S11903,"[CIT] To our knowledge, the alternating characteristic of re-emergent tremor in PD has not been previously demonstrated.",0.5,0.44166666666666665,0.5,0.0,0.0
Re-emergent tremor of Parkinson's disease.,"Journal of neurology, neurosurgery, and psychiatry",Clinical Differentiation of Essential Tremor and Parkinson's Disease.,35185349,PMC8848065,bibr4-CCRep.S11903,"Jankovic et al [CIT] reported postural tremor latency average 0.06 s (±0.28) range 0–1.29 s for ET and average 6.25 s (±9.76), range 0–47.0 s for PD.",0.5,0.425,0.5,0.0,0.0
Re-emergent tremor of Parkinson's disease.,"Journal of neurology, neurosurgery, and psychiatry",The Role of the Cerebellum in Tremor - Evidence from Neuroimaging.,34820148,PMC8603856,B55,"In many cases, the tremor re-emerges during stable posturing, at the same frequency [ [CIT] ].",0.648,0.625,0.5,0.0,0.0
Re-emergent tremor of Parkinson's disease.,"Journal of neurology, neurosurgery, and psychiatry",The Role of the Cerebellum in Tremor - Evidence from Neuroimaging.,34820148,PMC8603856,B55,"For instance, many PD patients with resting tremor also exhibit a postural “re-emergent” tremor [ [CIT] ].",0.5,0.75,0.5,0.0,0.0
Re-emergent tremor of Parkinson's disease.,"Journal of neurology, neurosurgery, and psychiatry","Deep Brain Stimulation for Tremor: Update on Long-Term Outcomes, Target Considerations and Future Directions.",34441763,PMC8397098,B4-jcm-10-03468,"The amplitude of tremor should increase during mental tasks, diminish or disappear during active movement of the limb, and reoccur after its termination [3, [CIT] ].",0.7383500000000001,0.44166666666666665,0.9999995000005,0.047619047619047616,0.0
Re-emergent tremor of Parkinson's disease.,"Journal of neurology, neurosurgery, and psychiatry","Deep Brain Stimulation for Tremor: Update on Long-Term Outcomes, Target Considerations and Future Directions.",34441763,PMC8397098,B4-jcm-10-03468,"When a voluntary movement is initiated, the tremor is temporarily suppressed and reoccurs after a few seconds with the hands outstretched, also called re-emergent tremor [3, [CIT] ].",0.5,0.4,0.5,0.0,0.0
Re-emergent tremor of Parkinson's disease.,"Journal of neurology, neurosurgery, and psychiatry",Tremor Syndromes: An Updated Review.,34381412,PMC8350038,B106,The term “re-emergent tremor” was coined by Jankovic et.al ( [CIT] ) to describe a form of postural tremor in patients with PD that emerges after a latency of a few seconds when hands and arms are held in an anti-gravity horizontal posture.,0.5,0.4,0.5,0.0,0.0
Re-emergent tremor of Parkinson's disease.,"Journal of neurology, neurosurgery, and psychiatry",Tremor Syndromes: An Updated Review.,34381412,PMC8350038,B106,"The exact neural correlates of re-emergent tremor remain elusive; however, there is evidence to suggest that it overlaps with parkinsonian rest tremor in terms of frequency (both are of 3–5 Hz), the direction of movement (occasional supination-pronation), and response to dopaminergic medications ( [CIT] , 111, 112).",0.5,0.5625,0.5,0.0,0.0
Re-emergent tremor of Parkinson's disease.,"Journal of neurology, neurosurgery, and psychiatry",Interaction of Indirect and Hyperdirect Pathways on Synchrony and Tremor-Related Oscillation in the Basal Ganglia.,33790961,PMC7984917,B63,"Compensatorily, the convincing arguments undertaken in [ [CIT] ] emphasized that the striatum might make important impacts in the development of the specific form of tremor.",0.60115,0.65,0.9999995000005,0.05263157894736842,0.0
Re-emergent tremor of Parkinson's disease.,"Journal of neurology, neurosurgery, and psychiatry",STN Versus GPi Deep Brain Stimulation for Action and Rest Tremor in Parkinson's Disease.,33192410,PMC7651783,B17,"These differentiations can have important clinical implications as the underlying pathophysiology between the tremor subtypes are not identical ( [CIT] ; Dirkx et al., 2018).",0.60115,0.7,0.9999995000005,0.047619047619047616,0.0
Re-emergent tremor of Parkinson's disease.,"Journal of neurology, neurosurgery, and psychiatry",Telemonitoring Parkinson's disease using machine learning by combining tremor and voice analysis.,33090328,PMC7579898,CR10,"Besides, early detection of PD is essential as the treatments such as levodopa/carbidopa are more effective if administered in the early stages of the disease [ [CIT] ].",0.7627999999999999,0.6083333333333334,0.9999995000005,0.045454545454545456,0.0
Re-emergent tremor of Parkinson's disease.,"Journal of neurology, neurosurgery, and psychiatry",Levodopa Changes Functional Connectivity Patterns in Subregions of the Primary Motor Cortex in Patients With Parkinson's Disease.,32733186,PMC7360730,B38,"In fact, postural tremor may be the first manifestation of PD and may be more prominent and disabling than resting tremor ( [CIT] ).",0.4024,0.7083333333333334,0.5,0.0,0.0
Re-emergent tremor of Parkinson's disease.,"Journal of neurology, neurosurgery, and psychiatry",Is an Isolated Weight-Holding Tremor a New Subtype of Isometric Tremor?,32608210,PMC7329742,B2,[CIT] The patient showed no signs of suggestibility or distractibility.,0.22885,0.5,0.5,0.0,0.0
Re-emergent tremor of Parkinson's disease.,"Journal of neurology, neurosurgery, and psychiatry",Is an Isolated Weight-Holding Tremor a New Subtype of Isometric Tremor?,32608210,PMC7329742,B2,"N-(3-[18F]fluoropropyl)-2β-carbomethoxy-3β-(4-iodophenyl)nortropane (18F-FP-CIT) positron emission tomography revealed reduced uptake in the posterior-dorsal putamen, which was more pronounced on the right (Fig.",0.5,0.6964285714285714,0.5,0.0,0.0
Re-emergent tremor of Parkinson's disease.,"Journal of neurology, neurosurgery, and psychiatry",Is an Isolated Weight-Holding Tremor a New Subtype of Isometric Tremor?,32608210,PMC7329742,B2,"[CIT] There have been some reports of cases with PD with a re-emerging tremor but no resting tremor.3 Unlike the previously reported cases, the amplitudes of tremors in our patients increased with the weight load, suggesting that weight loading has little effect on postural hand tremors in patients with PD.4",0.8155,0.41145833333333337,0.5,0.0,0.0
Re-emergent tremor of Parkinson's disease.,"Journal of neurology, neurosurgery, and psychiatry",Systematic clinical approach for diagnosing upper limb tremor.,32457087,PMC7402459,R12,"[CIT] Although resting tremor is a key feature of a Parkinson’s tremor, 19% of the patients show an additional pure postural tremor that is independent from the resting tremor (unlike re-emergent tremor, which is a continuation of resting tremor during stable posturing).10 Tremor occurs less often in atypical parkinsonism than in PD, but it can nevertheless be a presenting sign.",0.57655,0.5047619047619047,0.9999995000005,0.022727272727272728,0.0
Re-emergent tremor of Parkinson's disease.,"Journal of neurology, neurosurgery, and psychiatry",Clinical Features of Parkinson's Disease: The Evolution of Critical Symptoms.,32438686,PMC7285080,B35-biology-09-00103,Postural tremor is found to be more prominent than rest tremor and might be one of the first signs of PD [ [CIT] ].,0.6902,0.7083333333333334,0.5,0.0,0.0
Re-emergent tremor of Parkinson's disease.,"Journal of neurology, neurosurgery, and psychiatry",Parkinson's Disease Exhibits Amplified Intermuscular Coherence During Dynamic Voluntary Action.,32308641,PMC7145888,B2,"Action tremor is distinct from rest tremor [or its re-emergence during steady contraction ( [CIT] )] in that is higher in frequency (6–15 vs. 3–5 Hz), enhanced during dynamic action rather than reduced, and it is not attenuated by dopamine replacement in PD (4).",0.6909,0.5763888888888888,0.5,0.0,0.0
Re-emergent tremor of Parkinson's disease.,"Journal of neurology, neurosurgery, and psychiatry",Re-emergent Tremor in Parkinson's Disease: The Role of the Motor Cortex.,32175656,PMC8448579,,Parkinson's disease patients may show a tremor that appears after a variable delay while the arms are kept outstretched (re-emergent tremor).,0.3409,0.5,0.5,0.0,0.0
Re-emergent tremor of Parkinson's disease.,"Journal of neurology, neurosurgery, and psychiatry",Re-emergent Tremor in Parkinson's Disease: The Role of the Motor Cortex.,32175656,PMC8448579,,The objectives of this study were to investigate re-emergent tremor pathophysiology by studying the role of the primary motor cortex in this tremor and making a comparison with rest tremor.,0.5,0.7,0.5,0.0,0.0
Re-emergent tremor of Parkinson's disease.,"Journal of neurology, neurosurgery, and psychiatry",Re-emergent Tremor in Parkinson's Disease: The Role of the Motor Cortex.,32175656,PMC8448579,,We enrolled 10 Parkinson's disease patients with both re-emergent and rest tremor.,0.5,0.5,0.5,0.0,0.0
Re-emergent tremor of Parkinson's disease.,"Journal of neurology, neurosurgery, and psychiatry",Re-emergent Tremor in Parkinson's Disease: The Role of the Motor Cortex.,32175656,PMC8448579,,"Tremor was assessed by spectral analysis, corticomuscular coherence and tremor-resetting produced by transcranial magnetic stimulation over the primary motor cortex.",0.5,0.7,0.5,0.0,0.0
Re-emergent tremor of Parkinson's disease.,"Journal of neurology, neurosurgery, and psychiatry",Re-emergent Tremor in Parkinson's Disease: The Role of the Motor Cortex.,32175656,PMC8448579,,"We also recorded transcranial magnetic stimulation-evoked potentials generated by motor cortex stimulation during rest tremor, tremor suppression during wrist extension, and re-emergent tremor.",0.5,0.5,0.5,0.0,0.0
Re-emergent tremor of Parkinson's disease.,"Journal of neurology, neurosurgery, and psychiatry",Re-emergent Tremor in Parkinson's Disease: The Role of the Motor Cortex.,32175656,PMC8448579,,"Spectral analysis, corticomuscular coherence, and tremor resetting were compared between re-emergent tremor and rest tremor.",0.5,0.5,0.5,0.0,0.0
Re-emergent tremor of Parkinson's disease.,"Journal of neurology, neurosurgery, and psychiatry",Re-emergent Tremor in Parkinson's Disease: The Role of the Motor Cortex.,32175656,PMC8448579,,"Re-emergent tremor showed significant corticomuscular coherence, causal relation between motor cortex activity and tremor muscle and tremor resetting.",0.60115,0.6875,0.5,0.0,0.0
Re-emergent tremor of Parkinson's disease.,"Journal of neurology, neurosurgery, and psychiatry",Re-emergent Tremor in Parkinson's Disease: The Role of the Motor Cortex.,32175656,PMC8448579,,"The P60 component of transcranial magnetic stimulation-evoked potentials reduced in amplitude during tremor suppression, recovered before re-emergent tremor, was facilitated at re-emergent tremor onset, and returned to values similar to those of rest tremor during re-emergent tremor.",0.70095,0.5,0.5,0.0,0.0
Re-emergent tremor of Parkinson's disease.,"Journal of neurology, neurosurgery, and psychiatry",Re-emergent Tremor in Parkinson's Disease: The Role of the Motor Cortex.,32175656,PMC8448579,,"Compared with rest tremor, re-emergent tremor showed similar corticomuscular coherence and tremor resetting, but slightly higher frequency.",0.5,0.5625,0.5,0.0,0.0
Re-emergent tremor of Parkinson's disease.,"Journal of neurology, neurosurgery, and psychiatry",Re-emergent Tremor in Parkinson's Disease: The Role of the Motor Cortex.,32175656,PMC8448579,,"Re-emergent tremor is causally related with the activity of the primary motor cortex, which is likely a convergence node in the network that generates re-emergent tremor.",0.5,0.5666666666666667,0.5,0.0,0.0
Re-emergent tremor of Parkinson's disease.,"Journal of neurology, neurosurgery, and psychiatry",Re-emergent Tremor in Parkinson's Disease: The Role of the Motor Cortex.,32175656,PMC8448579,,Re-emergent tremor and rest tremor share common pathophysiological mechanisms in which the motor cortex plays a crucial role.,0.74695,0.425,0.5,0.0,0.0
Re-emergent tremor of Parkinson's disease.,"Journal of neurology, neurosurgery, and psychiatry",Re-emergent Tremor in Parkinson's Disease: The Role of the Motor Cortex.,32175656,PMC8448579,,© 2020 International Parkinson and Movement Disorder Society.,0.29905000000000004,0.5,0.5,0.0,0.0
Re-emergent tremor of Parkinson's disease.,"Journal of neurology, neurosurgery, and psychiatry",Quantitative assessment of Parkinsonian tremor by using biosensor device.,31860947,PMC6940115,R23,"Moreover, we confirmed the presence of tremor during muscular effort in a significant number of patients[ [CIT] –24] and the influence of emotional stress on the tremor characteristics, consistent with previous literature studies.",0.4871,0.5858333333333333,0.5,0.0,0.0
Re-emergent tremor of Parkinson's disease.,"Journal of neurology, neurosurgery, and psychiatry",Population-scale hand tremor analysis via anonymized mouse cursor signals.,31583281,PMC6760188,CR39,"For each condition, the regions where the cursor tremor frequency values are higher than expected (PMI &gt; 0) correspond to tremor frequency ranges identified during clinical studies: Parkinsonian tremors (3–7 Hz)30, [CIT] ,40 and ETs (4–12 Hz).41Fig.",0.70095,0.5375,0.5,0.0,0.0
Re-emergent tremor of Parkinson's disease.,"Journal of neurology, neurosurgery, and psychiatry",Population-scale hand tremor analysis via anonymized mouse cursor signals.,31583281,PMC6760188,CR39,"The alignment between cursor tremor distributions from searchers issuing experiential diagnostic queries and tremor distributions from clinical studies30, [CIT] –41 further supports the use of mouse cursor motion for tremor estimation.",0.6806,0.5,0.5,0.0,0.0
Re-emergent tremor of Parkinson's disease.,"Journal of neurology, neurosurgery, and psychiatry",Re-Emergent Kinetic Tremor in Parkinson's Disease.,31498336,PMC6691624,cit0001,[CIT] This refers to the appearance of a postural tremor after a latency once the limb assumes a horizontal posture.,0.5,0.5,0.5,0.0,0.0
Re-emergent tremor of Parkinson's disease.,"Journal of neurology, neurosurgery, and psychiatry",Re-Emergent Kinetic Tremor in Parkinson's Disease.,31498336,PMC6691624,cit0001,"[CIT] This is in comparison to essential tremor (ET), where the postural tremor appears as soon as the limb is held in a horizontal position.",0.5,0.5,0.5,0.0,0.0
Re-emergent tremor of Parkinson's disease.,"Journal of neurology, neurosurgery, and psychiatry",Re-Emergent Kinetic Tremor in Parkinson's Disease.,31498336,PMC6691624,cit0001,"[CIT] Occasionally, PD patients have a re-emergent postural tremor in the absence of rest tremor.",0.5,0.496875,0.5,0.0,0.0
Re-emergent tremor of Parkinson's disease.,"Journal of neurology, neurosurgery, and psychiatry",Re-Emergent Kinetic Tremor in Parkinson's Disease.,31498336,PMC6691624,cit0001,"[CIT] In daily life, a re-emergent postural tremor is a significant cause of disability because it can interfere with holding objects.",0.60115,0.59375,0.5,0.0,0.0
Re-emergent tremor of Parkinson's disease.,"Journal of neurology, neurosurgery, and psychiatry",Re-Emergent Kinetic Tremor in Parkinson's Disease.,31498336,PMC6691624,cit0001,"[CIT] People with ET describe a kinetic tremor which is present while doing an activity and can interfere with several tasks such as shaving, handwriting, pouring, and so on.",0.5,0.5,0.5,0.0,0.0
Re-emergent tremor of Parkinson's disease.,"Journal of neurology, neurosurgery, and psychiatry",Tremor Types in Parkinson Disease: A Descriptive Study Using a New Classification.,30363956,PMC6186312,B24,Few studies have distinguished between re-emergent tremor and tremor that does not occur after a time lag [ [CIT] ].,0.32999999999999996,0.4,0.5,0.0,0.0
Re-emergent tremor of Parkinson's disease.,"Journal of neurology, neurosurgery, and psychiatry",How Do I Examine for Re-Emergent Tremor?,30363601,PMC6178735,,"Although rest tremor is the typical form of tremor associated with Parkinson's disease (PD), particularly the tremor-dominant subtype,1 parkinsonian patients may also exhibit postural tremor.",0.5,0.5,0.5,0.0,0.0
Re-emergent tremor of Parkinson's disease.,"Journal of neurology, neurosurgery, and psychiatry",How Do I Examine for Re-Emergent Tremor?,30363601,PMC6178735,,"In many parkinsonian patients, this postural tremor emerges after a latency of a few seconds or even minutes.",0.5,0.575,0.5,0.0,0.0
Re-emergent tremor of Parkinson's disease.,"Journal of neurology, neurosurgery, and psychiatry",How Do I Examine for Re-Emergent Tremor?,30363601,PMC6178735,,"In our original description, we coined the term ""re-emergent tremor"" to differentiate this postural tremor from essential tremor, which occurs without any latency, and to link it to PD rest tremor that is ""reset"" after some latency when a new holding posture is assumed.2 The relationship of this re-emergent tremor to the typical rest tremor is supported by the observation that this tremor shares many characteristics with the typical rest tremor, such as the same, 3 to 5-Hz frequency, occasional supinating-pronating component, and relatively good response to dopaminergic therapy.",0.91355,0.5689015151515151,0.5,0.0,0.0
Re-emergent tremor of Parkinson's disease.,"Journal of neurology, neurosurgery, and psychiatry",How Do I Examine for Re-Emergent Tremor?,30363601,PMC6178735,,"Rarely, postural tremor, occurring after a brief (2-4 seconds) latency can be seen even without observable rest tremor.3 In most patients with PD, it is the postural (re-emergent) tremor that is more troublesome for them than the typical rest tremor, because this re-emergent tremor interferes with their ability to hold objects, such as newspapers, against gravity and results in spilling of liquids.",0.34165,0.5944444444444444,0.5,0.0,0.0
Re-emergent tremor of Parkinson's disease.,"Journal of neurology, neurosurgery, and psychiatry",How Do I Examine for Re-Emergent Tremor?,30363601,PMC6178735,,"Postural tremor of PD is often misdiagnosed as essential tremor, and this diagnostic challenge can be further confounded when both conditions coexist.4 When that occurs, the postural tremor is present without latency, although the amplitude may gradually increase as the underlying re-emergent tremor becomes more evident.",0.6909,0.575,0.9999995000005,0.02631578947368421,0.0
Re-emergent tremor of Parkinson's disease.,"Journal of neurology, neurosurgery, and psychiatry",A Novel Posture for Better Differentiation Between Parkinson's Tremor and Essential Tremor.,29867328,PMC5966572,B25,"Since in most cases the re-emergent latency of tremor is less than 10 s (Jankovic et al., [CIT] ), each segment was assumed to have incorporated tremor components which characterized the disease.",0.5,0.5833333333333334,0.5,0.0,0.0
Re-emergent tremor of Parkinson's disease.,"Journal of neurology, neurosurgery, and psychiatry",The nature of postural tremor in Parkinson disease.,29476038,PMC5880634,,To disentangle the different forms of postural tremors in Parkinson disease (PD).,0.5,0.5,0.5,0.0,0.0
Re-emergent tremor of Parkinson's disease.,"Journal of neurology, neurosurgery, and psychiatry",The nature of postural tremor in Parkinson disease.,29476038,PMC5880634,,"In this combined observational and intervention study, we measured resting and postural tremor characteristics in 73 patients with tremulous PD by using EMG of forearm muscles.",0.375,0.5,0.5,0.0,0.0
Re-emergent tremor of Parkinson's disease.,"Journal of neurology, neurosurgery, and psychiatry",The nature of postural tremor in Parkinson disease.,29476038,PMC5880634,,"Patients were measured both ""off"" medication (overnight withdrawal) and after dispersible levodopa-benserazide 200/50 mg. We performed an automated 2-step cluster analysis on 3 postural tremor characteristics: the frequency difference with resting tremor, the degree of tremor suppression after posturing, and the dopamine response.",0.5,0.5,0.5,0.0,0.0
Re-emergent tremor of Parkinson's disease.,"Journal of neurology, neurosurgery, and psychiatry",The nature of postural tremor in Parkinson disease.,29476038,PMC5880634,,"The cluster analysis revealed 2 distinct postural tremor phenotypes: 81% had re-emergent tremor (amplitude suppression, frequency difference with resting tremor 0.4 Hz, clear dopamine response) and 19% had pure postural tremor (no amplitude suppression, frequency difference with resting tremor 3.5 Hz, no dopamine response).",0.55135,0.6023809523809524,0.5,0.0,0.0
Re-emergent tremor of Parkinson's disease.,"Journal of neurology, neurosurgery, and psychiatry",The nature of postural tremor in Parkinson disease.,29476038,PMC5880634,,This finding was manually validated (accuracy of 93%).,0.61315,0.5,0.5,0.0,0.0
Re-emergent tremor of Parkinson's disease.,"Journal of neurology, neurosurgery, and psychiatry",The nature of postural tremor in Parkinson disease.,29476038,PMC5880634,,"Pure postural tremor was not associated with clinical signs of essential tremor or dystonia, and it was not influenced by weighing.",0.5,0.5535714285714286,0.5,0.0,0.0
Re-emergent tremor of Parkinson's disease.,"Journal of neurology, neurosurgery, and psychiatry",The nature of postural tremor in Parkinson disease.,29476038,PMC5880634,,"There are 2 distinct postural tremor phenotypes in PD, which have a different pathophysiology and require different treatment.",0.5,0.55,0.5,0.0,0.0
Re-emergent tremor of Parkinson's disease.,"Journal of neurology, neurosurgery, and psychiatry",The nature of postural tremor in Parkinson disease.,29476038,PMC5880634,,"Re-emergent tremor is a continuation of resting tremor during stable posturing, and it has a dopaminergic basis.",0.648,0.5,0.5,0.0,0.0
Re-emergent tremor of Parkinson's disease.,"Journal of neurology, neurosurgery, and psychiatry",The nature of postural tremor in Parkinson disease.,29476038,PMC5880634,,"Pure postural tremor is a less common type of tremor that is inherent to PD, but has a largely nondopaminergic basis.",0.5,0.49523809523809526,0.5,0.0,0.0
Re-emergent tremor of Parkinson's disease.,"Journal of neurology, neurosurgery, and psychiatry",Consensus Statement on the classification of tremors. from the task force on tremor of the International Parkinson and Movement Disorder Society.,29193359,PMC6530552,,Consensus criteria for classifying tremor disorders were published by the International Parkinson and Movement Disorder Society in 1998.,0.29905000000000004,0.5,0.5,0.0,0.0
Re-emergent tremor of Parkinson's disease.,"Journal of neurology, neurosurgery, and psychiatry",Consensus Statement on the classification of tremors. from the task force on tremor of the International Parkinson and Movement Disorder Society.,29193359,PMC6530552,,"Subsequent advances with regard to essential tremor, tremor associated with dystonia, and other monosymptomatic and indeterminate tremors make a significant revision necessary.",0.60115,0.525,0.5,0.0,0.0
Re-emergent tremor of Parkinson's disease.,"Journal of neurology, neurosurgery, and psychiatry",Consensus Statement on the classification of tremors. from the task force on tremor of the International Parkinson and Movement Disorder Society.,29193359,PMC6530552,,Convene an international panel of experienced investigators to review the definition and classification of tremor.,0.5,0.7,0.5,0.0,0.0
Re-emergent tremor of Parkinson's disease.,"Journal of neurology, neurosurgery, and psychiatry",Consensus Statement on the classification of tremors. from the task force on tremor of the International Parkinson and Movement Disorder Society.,29193359,PMC6530552,,"Computerized MEDLINE searches in January 2013 and 2015 were conducted using a combination of text words and MeSH terms: ""tremor"", ""tremor disorders"", ""essential tremor"", ""dystonic tremor"", and ""classification"" limited to human studies.",0.38685,0.4880952380952381,4.999994999699275e-07,0.0,0.04
Re-emergent tremor of Parkinson's disease.,"Journal of neurology, neurosurgery, and psychiatry",Consensus Statement on the classification of tremors. from the task force on tremor of the International Parkinson and Movement Disorder Society.,29193359,PMC6530552,,"Agreement was obtained using consensus development methodology during four in-person meetings, two teleconferences, and numerous manuscript reviews.",0.74695,0.5,0.5,0.0,0.0
Re-emergent tremor of Parkinson's disease.,"Journal of neurology, neurosurgery, and psychiatry",Consensus Statement on the classification of tremors. from the task force on tremor of the International Parkinson and Movement Disorder Society.,29193359,PMC6530552,,"Tremor is defined as an involuntary, rhythmic, oscillatory movement of a body part and is classified along two axes: Axis 1-clinical characteristics, including historical features (age at onset, family history, and temporal evolution), tremor characteristics (body distribution, activation condition), associated signs (systemic, neurological), and laboratory tests (electrophysiology, imaging); and Axis 2-etiology (acquired, genetic, or idiopathic).",0.5,0.5,0.5,0.0,0.0
Re-emergent tremor of Parkinson's disease.,"Journal of neurology, neurosurgery, and psychiatry",Consensus Statement on the classification of tremors. from the task force on tremor of the International Parkinson and Movement Disorder Society.,29193359,PMC6530552,,"Tremor syndromes, consisting of either isolated tremor or tremor combined with other clinical features, are defined within Axis 1.",0.3409,0.4375,0.5,0.0,0.0
Re-emergent tremor of Parkinson's disease.,"Journal of neurology, neurosurgery, and psychiatry",Consensus Statement on the classification of tremors. from the task force on tremor of the International Parkinson and Movement Disorder Society.,29193359,PMC6530552,,"This classification scheme retains the currently accepted tremor syndromes, including essential tremor, and provides a framework for defining new syndromes.",0.6366,0.5227272727272727,0.5,0.0,0.0
Re-emergent tremor of Parkinson's disease.,"Journal of neurology, neurosurgery, and psychiatry",Consensus Statement on the classification of tremors. from the task force on tremor of the International Parkinson and Movement Disorder Society.,29193359,PMC6530552,,This approach should be particularly useful in elucidating isolated tremor syndromes and syndromes consisting of tremor and other signs of uncertain significance.,0.6003000000000001,0.54375,0.9999995000005,0.05555555555555555,0.0
Re-emergent tremor of Parkinson's disease.,"Journal of neurology, neurosurgery, and psychiatry",Consensus Statement on the classification of tremors. from the task force on tremor of the International Parkinson and Movement Disorder Society.,29193359,PMC6530552,,Consistently defined Axis 1 syndromes are needed to facilitate the elucidation of specific etiologies in Axis 2.,0.5,0.5625,0.5,0.0,0.0
Re-emergent tremor of Parkinson's disease.,"Journal of neurology, neurosurgery, and psychiatry",Consensus Statement on the classification of tremors. from the task force on tremor of the International Parkinson and Movement Disorder Society.,29193359,PMC6530552,,© 2017 International Parkinson and Movement Disorder Society.,0.29905000000000004,0.5,0.5,0.0,0.0
Re-emergent tremor of Parkinson's disease.,"Journal of neurology, neurosurgery, and psychiatry",Rest tremor revisited: Parkinson's disease and other disorders.,28638597,PMC5472969,CR11,"Re-emergent tremor, defined as tremor slowly emerging when a new position of the extremity is acquired, is regarded as the same phenomenon when it is clinically more severely expressed [ [CIT] ].",0.24525000000000002,0.5420454545454545,0.5,0.0,0.0
Re-emergent tremor of Parkinson's disease.,"Journal of neurology, neurosurgery, and psychiatry",Clinical and Imaging Study of Isolated and Mixed Rest and Action Tremor-Essential Tremor versus Parkinson's Disease.,28615899,PMC5470149,ref2,[ [CIT] ] Several clinical series about the greater risk of developing PD of ET patients have been recorded in literature.,0.55135,0.625,0.5,0.0,0.0
Re-emergent tremor of Parkinson's disease.,"Journal of neurology, neurosurgery, and psychiatry",Tremor stability index: a new tool for differential diagnosis in tremor syndromes.,28459950,PMC5493195,R17,"However, Parkinson’s disease tremor may also manifest as a postural tremor, which generally appears a few seconds after assuming a posture—‘re-emergent’ tremor ( [CIT] ; Shahed and Jankovic, 2007; Belvisi et al., 2017).",0.5,0.4625,0.5,0.0,0.0
Re-emergent tremor of Parkinson's disease.,"Journal of neurology, neurosurgery, and psychiatry",Approach to a tremor patient.,27994349,PMC5144461,ref13,[ [CIT] ] Some patients with PD may have an associated or an isolated action tremor.,0.3409,0.55,0.5,0.0,0.0
Re-emergent tremor of Parkinson's disease.,"Journal of neurology, neurosurgery, and psychiatry",Approach to a tremor patient.,27994349,PMC5144461,ref13,[ [CIT] ],0.5,0.5,0.5,0.0,0.0
Re-emergent tremor of Parkinson's disease.,"Journal of neurology, neurosurgery, and psychiatry",Re-Emergent Tremor of Parkinson's Disease Masquerading as Essential Tremor.,27352396,PMC4790196,b02,"Re-emergent tremor, a tremor reappearing after a latency period, [CIT] is a clinical feature of PD.",0.5,0.5,0.5,0.0,0.0
Re-emergent tremor of Parkinson's disease.,"Journal of neurology, neurosurgery, and psychiatry",Using Portable Transducers to Measure Tremor Severity.,27257514,PMC4872171,b38,"[CIT] Very mild rest tremor is typically very intermittent, so a 60-second recording with an augmenting task may be necessary.39 Continuous long-term recordings have also been used.21 Intention tremor may occur intermittently in certain phases of a task (e.g., as the finger approaches the nose), and 60 seconds or longer may be required to obtain representative samples.",0.6366,0.6412698412698412,0.5,0.0,0.0
Re-emergent tremor of Parkinson's disease.,"Journal of neurology, neurosurgery, and psychiatry",Dopamine transporter imaging in essential tremor with and without parkinsonian features.,26133163,,,Mild parkinsonian features can be observed in patients with essential tremor (ET).,0.5,0.5833333333333334,0.5,0.0,0.0
Re-emergent tremor of Parkinson's disease.,"Journal of neurology, neurosurgery, and psychiatry",Dopamine transporter imaging in essential tremor with and without parkinsonian features.,26133163,,,"Although dopamine transporter (DAT) imaging is usually normal in ET, some studies found mild dopaminergic deficit in ET patients compared to healthy controls (HC).",0.5,0.6638888888888889,0.5,0.0,0.0
Re-emergent tremor of Parkinson's disease.,"Journal of neurology, neurosurgery, and psychiatry",Dopamine transporter imaging in essential tremor with and without parkinsonian features.,26133163,,,We analyzed clinical and DAT imaging data in ET patients with and without parkinsonian features.,0.5,0.5,0.5,0.0,0.0
Re-emergent tremor of Parkinson's disease.,"Journal of neurology, neurosurgery, and psychiatry",Dopamine transporter imaging in essential tremor with and without parkinsonian features.,26133163,,,Thirty-nine ET patients with and without parkinsonian features and 13 HC underwent detailed examination by a movement disorders neurologist and 123-I ioflupane SPECT.,0.5,0.7,0.5,0.0,0.0
Re-emergent tremor of Parkinson's disease.,"Journal of neurology, neurosurgery, and psychiatry",Dopamine transporter imaging in essential tremor with and without parkinsonian features.,26133163,,,"Two independent radiologists ""blinded"" to the clinical diagnosis analyzed images visually and by semi-quantitative calculation of striatal binding ratios in different volumes of interests.",0.625,0.5,0.5,0.0,0.0
Re-emergent tremor of Parkinson's disease.,"Journal of neurology, neurosurgery, and psychiatry",Dopamine transporter imaging in essential tremor with and without parkinsonian features.,26133163,,,"ET patients were divided into pure ET group (no parkinsonian features, n = 22), ET-P [one parkinsonian feature not sufficient for the clinical diagnosis of Parkinson's disease (PD), n = 9], and ET + PD (two or more parkinsonian features meeting diagnostic criteria for PD, n = 8).",0.5,0.7023809523809524,0.5,0.0,0.0
Re-emergent tremor of Parkinson's disease.,"Journal of neurology, neurosurgery, and psychiatry",Dopamine transporter imaging in essential tremor with and without parkinsonian features.,26133163,,,"As expected, ET + PD patients had the lowest striatal binding ratios.",0.30910000000000004,0.45,0.5,0.0,0.0
Re-emergent tremor of Parkinson's disease.,"Journal of neurology, neurosurgery, and psychiatry",Dopamine transporter imaging in essential tremor with and without parkinsonian features.,26133163,,,"We also found a trend toward slightly lower striatal binding ratios in ET patients ET compared to HC, especially in caudate nucleus.",0.386,0.4583333333333333,0.5,0.0,0.0
Re-emergent tremor of Parkinson's disease.,"Journal of neurology, neurosurgery, and psychiatry",Dopamine transporter imaging in essential tremor with and without parkinsonian features.,26133163,,,"There was no significant correlation between striatal binding ratios, ET severity or duration.",0.44865,0.40625,0.5,0.0,0.0
Re-emergent tremor of Parkinson's disease.,"Journal of neurology, neurosurgery, and psychiatry",Dopamine transporter imaging in essential tremor with and without parkinsonian features.,26133163,,,Patients with ET and parkinsonian features represent a heterogeneous group that includes ET + PD and ET-P.,0.5,0.5,0.5,0.0,0.0
Re-emergent tremor of Parkinson's disease.,"Journal of neurology, neurosurgery, and psychiatry",Dopamine transporter imaging in essential tremor with and without parkinsonian features.,26133163,,,The latter group shares some clinical features with PD but has no dopaminergic deficit on DAT imaging as determined by visual image interpretation.,0.30405,0.5,0.5,0.0,0.0
Re-emergent tremor of Parkinson's disease.,"Journal of neurology, neurosurgery, and psychiatry",Dopamine transporter imaging in essential tremor with and without parkinsonian features.,26133163,,,"On the other hand, minimal dopaminergic deficit (as compared to controls) is detected in some ET patients with semi-quantitative image analysis, although the pattern may be different from that of PD.",0.5640000000000001,0.4625,0.5,0.0,0.0
Re-emergent tremor of Parkinson's disease.,"Journal of neurology, neurosurgery, and psychiatry",Re-emergent Tongue Tremor as the Presenting Symptom of Parkinson's Disease.,25759787,PMC4342128,,"The most common symptom of Parkinson's disease is the unilateral, typically resting tremor in body parts, most commonly in the upper extremities.",0.5,0.48095238095238096,0.5,0.0,0.0
Re-emergent tremor of Parkinson's disease.,"Journal of neurology, neurosurgery, and psychiatry",Re-emergent Tongue Tremor as the Presenting Symptom of Parkinson's Disease.,25759787,PMC4342128,,"However, this finding can spread to the other parts of the body like lips, chin, jaw and tongue during the course of the disease.",0.6806,0.4375,0.5,0.0,0.0
Re-emergent tremor of Parkinson's disease.,"Journal of neurology, neurosurgery, and psychiatry",Re-emergent Tongue Tremor as the Presenting Symptom of Parkinson's Disease.,25759787,PMC4342128,,"Nevertheless, we have not come across any Parkinson's disease case presenting with tongue tremor in the literature.",0.5,0.5,0.5,0.0,0.0
Re-emergent tremor of Parkinson's disease.,"Journal of neurology, neurosurgery, and psychiatry",Re-emergent Tongue Tremor as the Presenting Symptom of Parkinson's Disease.,25759787,PMC4342128,,"Here, we present a 58 year-old man with Parkinson's disease presenting with tongue tremor, his striking response to the levodopa test and his follow-up data.",0.5,0.625,0.5,0.0,0.0
Re-emergent tremor of Parkinson's disease.,"Journal of neurology, neurosurgery, and psychiatry",Re-emergent Tongue Tremor as the Presenting Symptom of Parkinson's Disease.,25759787,PMC4342128,,The topography of motor symptoms at onset in Parkinson's disease is presumably determined by the severity of the Lewy body neuronal degeneration in distinct parts of the substantia nigra.,0.67,0.65,0.5,0.0,0.0
Re-emergent tremor of Parkinson's disease.,"Journal of neurology, neurosurgery, and psychiatry",Re-emergent Tongue Tremor as the Presenting Symptom of Parkinson's Disease.,25759787,PMC4342128,,"Therefore, patterns of somatic symptom progression in Parkinson's disease indicate that involvement of the cranial structures always follows the development of symptoms in the extremities.",0.5,0.5,0.5,0.0,0.0
Re-emergent tremor of Parkinson's disease.,"Journal of neurology, neurosurgery, and psychiatry",Re-emergent Tongue Tremor as the Presenting Symptom of Parkinson's Disease.,25759787,PMC4342128,,"However, in our case, cranial structures seem to precede the involvement of extremity-related areas.",0.5,0.5,0.5,0.0,0.0
